"dist_km","media_tempo_entrega_min","pedidos"
"0.0","17.6","60"
"1.0","18.4","85"
"2.0","18.3","87"
"3.0","19.3","102"
"4.0","18.9","153"
"5.0","19.7","202"
"6.0","20.0","243"
"7.0","19.0","210"
"8.0","18.1","225"
"9.0","20.9","223"
"10.0","20.5","224"
"11.0","21.3","282"
"12.0","20.3","290"
"13.0","20.0","293"
"14.0","21.1","296"
"15.0","22.5","329"
"16.0","21.3","283"
"17.0","20.9","279"
"18.0","22.3","344"
"19.0","22.5","271"
"20.0","23.1","236"
"21.0","22.0","268"
"22.0","21.6","295"
"23.0","21.7","324"
"24.0","21.4","340"
"25.0","23.5","342"
"26.0","23.1","322"
"27.0","23.7","306"
"28.0","23.2","309"
"29.0","23.5","292"
"30.0","27.1","239"
"31.0","24.1","289"
"32.0","24.2","295"
"33.0","24.4","333"
"34.0","22.7","313"
"35.0","22.0","300"
"36.0","22.9","299"
"37.0","23.6","285"
"38.0","23.4","293"
"39.0","24.3","308"
"40.0","26.7","182"
"41.0","23.1","271"
"42.0","24.6","293"
"43.0","22.9","261"
"44.0","24.5","262"
"45.0","22.7","269"
"46.0","24.6","284"
"47.0","24.5","262"
"48.0","23.7","281"
"49.0","23.5","288"
"50.0","25.2","135"
"51.0","23.7","313"
"52.0","23.8","283"
"53.0","22.9","278"
"54.0","23.9","295"
"55.0","23.7","282"
"56.0","22.9","250"
"57.0","23.3","326"
"58.0","24.0","317"
"59.0","22.4","262"
"60.0","29.1","111"
"61.0","23.6","297"
"62.0","24.5","267"
"63.0","23.7","285"
"64.0","23.8","291"
"65.0","23.0","301"
"66.0","23.7","309"
"67.0","24.1","290"
"68.0","23.0","267"
"69.0","23.6","279"
"70.0","31.8","97"
"71.0","23.2","303"
"72.0","23.5","299"
"73.0","24.3","271"
"74.0","25.0","282"
"75.0","23.6","294"
"76.0","22.7","327"
"77.0","23.1","308"
"78.0","23.0","259"
"79.0","24.6","293"
"80.0","31.5","89"
"81.0","26.7","247"
"82.0","24.4","293"
"83.0","23.3","288"
"84.0","23.6","310"
"85.0","23.9","306"
"86.0","22.5","278"
"87.0","23.4","264"
"88.0","23.8","300"
"89.0","24.6","283"
"90.0","31.6","71"
"91.0","23.5","314"
"92.0","23.5","316"
"93.0","22.9","322"
"94.0","23.3","287"
"95.0","24.2","264"
"96.0","25.2","269"
"97.0","23.9","268"
"98.0","23.6","274"
"99.0","23.3","264"
"100.0","33.9","48"
"101.0","23.7","278"
"102.0","23.9","244"
"103.0","22.7","239"
"104.0","22.9","300"
"105.0","23.1","258"
"106.0","24.8","283"
"107.0","22.3","286"
"108.0","23.3","247"
"109.0","23.8","269"
"110.0","34.6","26"
"111.0","21.2","294"
"112.0","22.9","301"
"113.0","22.2","219"
"114.0","21.8","273"
"115.0","22.4","312"
"116.0","21.4","267"
"117.0","22.1","277"
"118.0","21.5","283"
"119.0","21.3","241"
"120.0","44.5","13"
"121.0","22.3","249"
"122.0","22.1","251"
"123.0","22.3","249"
"124.0","22.7","284"
"125.0","22.1","241"
"126.0","22.3","235"
"127.0","20.0","259"
"128.0","22.6","254"
"129.0","21.4","232"
"130.0","40.5","10"
"131.0","22.4","239"
"132.0","22.1","239"
"133.0","21.6","256"
"134.0","20.9","237"
"135.0","22.7","287"
"136.0","21.1","246"
"137.0","21.9","216"
"138.0","22.4","253"
"139.0","24.4","299"
"140.0","36.8","2"
"141.0","22.1","301"
"142.0","21.5","255"
"143.0","22.0","247"
"144.0","23.7","252"
"145.0","22.9","297"
"146.0","21.7","258"
"147.0","23.2","258"
"148.0","22.6","231"
"149.0","21.1","258"
"150.0","60.8","1"
"151.0","23.1","291"
"152.0","22.1","234"
"153.0","21.1","254"
"154.0","22.0","302"
"155.0","23.8","271"
"156.0","21.7","274"
"157.0","22.5","248"
"158.0","23.1","274"
"159.0","22.8","259"
"160.0","52.5","4"
"161.0","22.1","270"
"162.0","23.9","301"
"163.0","24.3","294"
"164.0","22.9","287"
"165.0","24.5","248"
"166.0","21.3","257"
"167.0","23.1","275"
"168.0","23.0","271"
"169.0","23.0","255"
"170.0","57.7","3"
"171.0","22.3","243"
"172.0","23.3","266"
"173.0","23.8","258"
"174.0","21.9","287"
"175.0","22.5","288"
"176.0","22.1","266"
"177.0","22.4","266"
"178.0","23.1","265"
"179.0","22.4","293"
"180.0","47.6","1"
"181.0","22.4","282"
"182.0","22.9","249"
"183.0","23.2","251"
"184.0","22.8","291"
"185.0","23.5","255"
"186.0","24.5","273"
"187.0","21.2","280"
"188.0","23.1","259"
"189.0","24.4","266"
"190.0","52.5","1"
"191.0","24.4","285"
"192.0","23.9","265"
"193.0","23.6","244"
"194.0","23.5","246"
"195.0","23.4","263"
"196.0","23.9","257"
"197.0","24.2","267"
"198.0","24.4","225"
"199.0","23.6","263"
"200.0","43.1","1"
"201.0","23.4","235"
"202.0","21.8","245"
"203.0","24.0","226"
"204.0","21.7","235"
"205.0","22.9","241"
"206.0","21.5","226"
"207.0","23.4","247"
"208.0","22.8","216"
"209.0","22.4","259"
"211.0","23.5","224"
"212.0","23.6","256"
"213.0","24.3","231"
"214.0","22.9","237"
"215.0","23.2","272"
"216.0","23.9","228"
"217.0","23.2","238"
"218.0","23.8","224"
"219.0","23.9","289"
"220.0","69.3","3"
"221.0","22.6","222"
"222.0","24.6","242"
"223.0","22.7","221"
"224.0","22.8","241"
"225.0","24.1","244"
"226.0","23.7","254"
"227.0","24.1","249"
"228.0","24.2","268"
"229.0","23.3","228"
"231.0","23.6","244"
"232.0","23.3","250"
"233.0","24.3","256"
"234.0","24.1","263"
"235.0","24.0","242"
"236.0","24.0","252"
"237.0","24.1","236"
"238.0","24.1","273"
"239.0","24.6","245"
"241.0","24.7","232"
"242.0","25.0","259"
"243.0","24.3","231"
"244.0","25.2","222"
"245.0","25.3","270"
"246.0","24.9","245"
"247.0","23.8","260"
"248.0","24.3","248"
"249.0","24.4","241"
"251.0","24.9","246"
"252.0","22.5","261"
"253.0","24.7","243"
"254.0","22.8","254"
"255.0","25.0","220"
"256.0","24.6","245"
"257.0","23.7","239"
"258.0","22.6","236"
"259.0","25.3","244"
"261.0","25.1","234"
"262.0","24.5","211"
"263.0","23.3","219"
"264.0","24.6","225"
"265.0","23.7","268"
"266.0","24.3","201"
"267.0","22.7","229"
"268.0","23.9","256"
"269.0","25.7","243"
"271.0","25.5","236"
"272.0","24.2","262"
"273.0","24.3","231"
"274.0","25.7","240"
"275.0","25.7","232"
"276.0","26.3","259"
"277.0","27.2","206"
"278.0","24.2","237"
"279.0","26.3","233"
"281.0","24.4","241"
"282.0","24.6","227"
"283.0","25.8","263"
"284.0","25.1","229"
"285.0","25.3","233"
"286.0","25.5","220"
"287.0","24.1","206"
"288.0","26.7","266"
"289.0","24.3","209"
"291.0","25.4","220"
"292.0","26.1","282"
"293.0","24.5","237"
"294.0","25.5","200"
"295.0","25.8","195"
"296.0","25.7","214"
"297.0","26.4","221"
"298.0","25.6","245"
"299.0","24.7","224"
"301.0","24.4","219"
"302.0","23.9","191"
"303.0","24.7","234"
"304.0","24.1","196"
"305.0","25.5","208"
"306.0","24.0","225"
"307.0","25.1","249"
"308.0","25.5","225"
"309.0","26.5","270"
"311.0","24.6","218"
"312.0","24.9","201"
"313.0","25.5","223"
"314.0","25.2","223"
"315.0","24.7","219"
"316.0","24.6","209"
"317.0","25.4","203"
"318.0","24.9","235"
"319.0","25.4","231"
"321.0","23.7","233"
"322.0","26.8","228"
"323.0","25.1","238"
"324.0","25.2","215"
"325.0","24.6","201"
"326.0","25.9","235"
"327.0","24.6","188"
"328.0","23.7","253"
"329.0","25.5","239"
"331.0","25.4","210"
"332.0","26.3","246"
"333.0","25.1","201"
"334.0","27.9","216"
"335.0","26.0","223"
"336.0","25.1","198"
"337.0","26.0","206"
"338.0","25.5","223"
"339.0","25.7","193"
"341.0","26.2","195"
"342.0","28.5","245"
"343.0","25.2","213"
"344.0","24.4","237"
"345.0","25.2","215"
"346.0","26.9","210"
"347.0","25.3","214"
"348.0","25.6","250"
"349.0","25.2","229"
"351.0","26.4","194"
"352.0","25.7","191"
"353.0","26.9","198"
"354.0","25.9","207"
"355.0","26.0","229"
"356.0","26.4","224"
"357.0","26.3","208"
"358.0","25.0","184"
"359.0","26.1","181"
"361.0","26.0","217"
"362.0","25.9","188"
"363.0","25.3","200"
"364.0","25.9","172"
"365.0","26.9","193"
"366.0","27.4","214"
"367.0","26.9","203"
"368.0","25.9","202"
"369.0","24.7","146"
"371.0","25.9","194"
"372.0","28.5","177"
"373.0","27.7","189"
"374.0","26.0","161"
"375.0","28.6","212"
"376.0","25.6","172"
"377.0","26.8","224"
"378.0","27.6","178"
"379.0","25.8","172"
"381.0","27.1","168"
"382.0","28.1","181"
"383.0","25.5","156"
"384.0","25.3","167"
"385.0","26.7","178"
"386.0","26.4","157"
"387.0","26.1","189"
"388.0","26.5","183"
"389.0","27.1","201"
"391.0","25.0","172"
"392.0","25.6","153"
"393.0","26.5","208"
"394.0","26.3","206"
"395.0","25.6","174"
"396.0","25.6","174"
"397.0","26.1","217"
"398.0","26.4","185"
"399.0","27.8","149"
"401.0","27.9","175"
"402.0","27.0","199"
"403.0","27.5","193"
"404.0","25.7","169"
"405.0","24.6","183"
"406.0","24.9","156"
"407.0","26.9","168"
"408.0","24.8","183"
"409.0","25.6","197"
"411.0","27.1","160"
"412.0","25.7","146"
"413.0","26.1","167"
"414.0","27.5","201"
"415.0","26.4","155"
"416.0","26.7","183"
"417.0","26.9","172"
"418.0","27.5","166"
"419.0","26.4","155"
"421.0","26.5","184"
"422.0","26.4","162"
"423.0","27.9","150"
"424.0","27.2","161"
"425.0","26.8","168"
"426.0","26.9","145"
"427.0","26.1","124"
"428.0","27.4","136"
"429.0","29.1","148"
"431.0","29.2","169"
"432.0","27.1","165"
"433.0","27.2","155"
"434.0","29.1","142"
"435.0","28.6","128"
"436.0","26.6","156"
"437.0","26.8","150"
"438.0","27.1","161"
"439.0","27.3","146"
"441.0","27.5","160"
"442.0","26.0","140"
"443.0","27.6","125"
"444.0","30.3","130"
"445.0","29.2","149"
"446.0","26.6","158"
"447.0","28.6","120"
"448.0","29.5","142"
"449.0","28.2","139"
"451.0","28.3","141"
"452.0","27.0","153"
"453.0","28.0","146"
"454.0","26.5","116"
"455.0","26.7","135"
"456.0","26.9","135"
"457.0","25.9","158"
"458.0","27.9","155"
"459.0","27.9","126"
"461.0","26.1","118"
"462.0","27.2","150"
"463.0","29.3","162"
"464.0","29.0","124"
"465.0","28.7","147"
"466.0","28.9","126"
"467.0","27.3","134"
"468.0","29.2","142"
"469.0","29.0","148"
"471.0","27.1","136"
"472.0","28.3","124"
"473.0","28.0","140"
"474.0","27.5","112"
"475.0","26.8","144"
"476.0","27.5","129"
"477.0","28.2","141"
"478.0","27.4","131"
"479.0","26.4","140"
"481.0","28.7","146"
"482.0","28.3","109"
"483.0","32.3","123"
"484.0","28.7","140"
"485.0","27.8","132"
"486.0","26.9","137"
"487.0","27.9","141"
"488.0","28.1","155"
"489.0","26.0","122"
"491.0","28.1","126"
"492.0","26.9","126"
"493.0","26.6","124"
"494.0","30.8","138"
"495.0","29.1","153"
"496.0","27.8","138"
"497.0","29.7","129"
"498.0","29.4","135"
"499.0","28.4","122"
"501.0","29.3","133"
"502.0","28.2","134"
"503.0","28.5","136"
"504.0","28.1","138"
"505.0","26.7","125"
"506.0","28.3","138"
"507.0","31.6","107"
"508.0","30.2","125"
"509.0","26.3","94"
"511.0","28.8","137"
"512.0","29.4","134"
"513.0","30.5","116"
"514.0","27.7","127"
"515.0","28.0","110"
"516.0","29.5","124"
"517.0","29.2","123"
"518.0","27.7","125"
"519.0","28.3","114"
"521.0","28.0","115"
"522.0","31.1","111"
"523.0","29.3","119"
"524.0","29.8","138"
"525.0","29.2","116"
"526.0","27.9","137"
"527.0","28.1","91"
"528.0","28.6","142"
"529.0","28.3","124"
"531.0","29.8","120"
"532.0","27.6","110"
"533.0","29.0","125"
"534.0","31.4","136"
"535.0","27.6","116"
"536.0","29.6","122"
"537.0","26.9","118"
"538.0","30.3","105"
"539.0","30.0","120"
"541.0","28.5","104"
"542.0","28.1","119"
"543.0","28.7","144"
"544.0","29.8","117"
"545.0","28.9","134"
"546.0","28.8","137"
"547.0","29.4","104"
"548.0","30.2","118"
"549.0","29.5","108"
"551.0","28.4","128"
"552.0","29.3","128"
"553.0","31.9","125"
"554.0","29.0","117"
"555.0","30.7","107"
"556.0","29.6","115"
"557.0","28.9","97"
"558.0","31.0","96"
"559.0","29.3","110"
"561.0","28.7","105"
"562.0","29.2","101"
"563.0","32.0","119"
"564.0","28.8","96"
"565.0","30.9","102"
"566.0","31.1","111"
"567.0","27.9","86"
"568.0","28.0","121"
"569.0","29.9","105"
"571.0","28.7","98"
"572.0","28.6","109"
"573.0","29.6","128"
"574.0","30.5","116"
"575.0","31.4","118"
"576.0","29.5","110"
"577.0","30.3","138"
"578.0","32.0","110"
"579.0","29.8","116"
"581.0","27.5","107"
"582.0","28.5","123"
"583.0","27.5","120"
"584.0","33.0","130"
"585.0","28.4","122"
"586.0","30.0","112"
"587.0","30.9","103"
"588.0","28.6","124"
"589.0","29.2","96"
"591.0","28.6","101"
"592.0","30.3","110"
"593.0","28.4","125"
"594.0","31.8","114"
"595.0","28.9","91"
"596.0","29.7","124"
"597.0","29.9","129"
"598.0","33.0","115"
"599.0","32.5","110"
"601.0","28.7","82"
"602.0","31.7","131"
"603.0","32.3","98"
"604.0","32.6","115"
"605.0","31.7","107"
"606.0","32.3","130"
"607.0","31.4","97"
"608.0","30.0","105"
"609.0","34.2","142"
"611.0","28.6","118"
"612.0","28.7","111"
"613.0","31.2","107"
"614.0","30.2","113"
"615.0","30.5","94"
"616.0","27.7","94"
"617.0","31.3","111"
"618.0","31.6","110"
"619.0","29.0","94"
"621.0","30.2","117"
"622.0","30.1","109"
"623.0","28.5","123"
"624.0","33.1","122"
"625.0","29.9","119"
"626.0","28.5","97"
"627.0","27.9","103"
"628.0","27.2","103"
"629.0","32.2","145"
"631.0","32.4","101"
"632.0","28.5","108"
"633.0","30.8","112"
"634.0","31.5","99"
"635.0","29.6","100"
"636.0","29.2","118"
"637.0","30.0","98"
"638.0","30.3","105"
"639.0","30.3","107"
"641.0","32.5","107"
"642.0","29.9","115"
"643.0","32.6","97"
"644.0","30.8","91"
"645.0","32.2","97"
"646.0","30.5","94"
"647.0","28.9","90"
"648.0","30.2","88"
"649.0","29.2","109"
"651.0","30.1","83"
"652.0","31.5","96"
"653.0","30.2","103"
"654.0","30.6","137"
"655.0","30.1","97"
"656.0","30.9","92"
"657.0","28.7","97"
"658.0","31.8","87"
"659.0","29.8","108"
"661.0","31.8","91"
"662.0","29.9","80"
"663.0","31.9","78"
"664.0","30.4","102"
"665.0","29.7","84"
"666.0","32.3","99"
"667.0","30.0","106"
"668.0","29.2","117"
"669.0","30.5","127"
"671.0","33.0","107"
"672.0","30.1","99"
"673.0","29.4","120"
"674.0","29.0","99"
"675.0","30.5","84"
"676.0","30.9","102"
"677.0","31.0","111"
"678.0","32.7","101"
"679.0","29.0","86"
"681.0","28.6","121"
"682.0","30.1","103"
"683.0","28.7","89"
"684.0","30.0","97"
"685.0","31.7","88"
"686.0","29.8","120"
"687.0","29.1","116"
"688.0","32.4","127"
"689.0","31.2","114"
"691.0","31.3","76"
"692.0","31.4","103"
"693.0","31.9","91"
"694.0","32.2","104"
"695.0","29.3","104"
"696.0","30.3","109"
"697.0","31.0","96"
"698.0","29.7","83"
"699.0","31.5","82"
"701.0","30.4","94"
"702.0","31.1","96"
"703.0","30.6","98"
"704.0","31.0","95"
"705.0","28.1","91"
"706.0","30.3","104"
"707.0","33.7","102"
"708.0","28.6","111"
"709.0","31.8","99"
"711.0","27.9","93"
"712.0","30.9","92"
"713.0","29.9","79"
"714.0","29.6","93"
"715.0","34.2","88"
"716.0","33.5","89"
"717.0","31.1","83"
"718.0","30.3","85"
"719.0","30.4","96"
"721.0","31.4","96"
"722.0","32.7","93"
"723.0","31.0","99"
"724.0","33.4","88"
"725.0","31.1","105"
"726.0","30.3","89"
"727.0","29.6","72"
"728.0","33.3","94"
"729.0","33.3","97"
"731.0","33.2","65"
"732.0","30.4","82"
"733.0","32.1","79"
"734.0","34.3","90"
"735.0","33.1","80"
"736.0","32.3","119"
"737.0","30.5","89"
"738.0","30.6","91"
"739.0","31.2","98"
"741.0","32.1","82"
"742.0","30.7","78"
"743.0","29.9","103"
"744.0","31.5","89"
"745.0","33.6","114"
"746.0","31.9","91"
"747.0","31.2","89"
"748.0","32.1","87"
"749.0","30.5","87"
"751.0","32.7","83"
"752.0","31.1","107"
"753.0","30.7","85"
"754.0","31.5","92"
"755.0","33.5","85"
"756.0","32.4","98"
"757.0","32.7","89"
"758.0","34.2","89"
"759.0","30.5","99"
"761.0","32.3","87"
"762.0","31.2","108"
"763.0","34.1","117"
"764.0","32.4","73"
"765.0","33.2","93"
"766.0","30.5","82"
"767.0","32.7","82"
"768.0","33.0","81"
"769.0","31.3","109"
"771.0","33.5","75"
"772.0","30.3","94"
"773.0","35.3","98"
"774.0","31.2","101"
"775.0","30.8","78"
"776.0","30.7","86"
"777.0","33.2","94"
"778.0","36.0","87"
"779.0","33.1","104"
"781.0","30.4","78"
"782.0","30.5","67"
"783.0","33.3","74"
"784.0","30.9","75"
"785.0","32.4","85"
"786.0","33.6","86"
"787.0","29.7","81"
"788.0","32.0","76"
"789.0","31.3","63"
"791.0","31.0","76"
"792.0","32.5","90"
"793.0","32.7","71"
"794.0","31.4","78"
"795.0","32.6","87"
"796.0","32.9","71"
"797.0","33.4","83"
"798.0","34.7","86"
"799.0","33.8","73"
"801.0","31.0","78"
"802.0","33.5","74"
"803.0","30.6","78"
"804.0","36.9","83"
"805.0","33.7","82"
"806.0","34.9","102"
"807.0","33.9","95"
"808.0","34.1","93"
"809.0","31.4","63"
"811.0","34.1","93"
"812.0","32.9","91"
"813.0","34.3","91"
"814.0","35.5","106"
"815.0","34.6","87"
"816.0","32.7","72"
"817.0","32.0","77"
"818.0","33.2","101"
"819.0","33.2","87"
"821.0","32.9","86"
"822.0","31.8","103"
"823.0","30.9","93"
"824.0","32.3","86"
"825.0","33.3","85"
"826.0","36.2","90"
"827.0","32.0","73"
"828.0","33.2","78"
"829.0","33.9","92"
"831.0","33.5","94"
"832.0","32.4","93"
"833.0","34.6","96"
"834.0","32.2","86"
"835.0","33.8","111"
"836.0","34.5","81"
"837.0","31.2","91"
"838.0","33.7","87"
"839.0","34.3","90"
"841.0","32.7","85"
"842.0","33.3","80"
"843.0","32.6","80"
"844.0","30.2","89"
"845.0","32.1","84"
"846.0","33.2","85"
"847.0","32.2","64"
"848.0","33.1","71"
"849.0","31.8","81"
"851.0","32.3","90"
"852.0","33.8","72"
"853.0","36.0","91"
"854.0","32.7","103"
"855.0","35.9","72"
"856.0","31.8","62"
"857.0","33.7","85"
"858.0","35.8","62"
"859.0","33.8","77"
"861.0","33.4","82"
"862.0","35.4","86"
"863.0","36.9","76"
"864.0","34.6","60"
"865.0","34.9","80"
"866.0","30.4","67"
"867.0","32.9","74"
"868.0","32.9","85"
"869.0","34.9","94"
"871.0","32.6","72"
"872.0","32.0","87"
"873.0","35.5","69"
"874.0","31.2","77"
"875.0","34.1","74"
"876.0","35.1","72"
"877.0","32.6","82"
"878.0","32.8","82"
"879.0","30.3","69"
"881.0","33.7","79"
"882.0","35.6","77"
"883.0","32.4","68"
"884.0","32.3","61"
"885.0","34.9","81"
"886.0","34.8","77"
"887.0","33.6","82"
"888.0","32.7","77"
"889.0","31.7","66"
"891.0","32.3","90"
"892.0","33.2","88"
"893.0","33.3","69"
"894.0","31.8","100"
"895.0","33.4","83"
"896.0","34.1","76"
"897.0","31.9","68"
"898.0","36.8","58"
"899.0","31.6","63"
"901.0","32.4","43"
"902.0","32.8","70"
"903.0","32.7","83"
"904.0","32.7","78"
"905.0","34.2","83"
"906.0","35.5","73"
"907.0","33.4","78"
"908.0","32.3","67"
"909.0","39.3","54"
"911.0","34.2","73"
"912.0","33.3","68"
"913.0","32.8","61"
"914.0","35.5","64"
"915.0","31.4","71"
"916.0","36.1","72"
"917.0","31.3","80"
"918.0","35.3","65"
"919.0","31.7","64"
"921.0","37.4","69"
"922.0","34.3","74"
"923.0","32.7","82"
"924.0","31.3","71"
"925.0","31.6","70"
"926.0","33.4","70"
"927.0","32.3","74"
"928.0","34.2","57"
"929.0","33.1","63"
"931.0","35.3","76"
"932.0","34.2","68"
"933.0","33.4","60"
"934.0","30.3","60"
"935.0","30.6","71"
"936.0","32.4","78"
"937.0","32.2","69"
"938.0","34.5","56"
"939.0","32.6","76"
"941.0","32.5","88"
"942.0","33.3","76"
"943.0","33.0","74"
"944.0","34.9","60"
"945.0","31.3","50"
"946.0","34.1","76"
"947.0","31.4","74"
"948.0","31.6","63"
"949.0","33.8","66"
"951.0","35.2","61"
"952.0","33.3","67"
"953.0","34.6","78"
"954.0","29.9","71"
"955.0","35.1","69"
"956.0","33.5","62"
"957.0","34.8","69"
"958.0","36.9","72"
"959.0","31.2","63"
"961.0","33.4","84"
"962.0","34.1","81"
"963.0","31.4","76"
"964.0","33.7","63"
"965.0","35.3","79"
"966.0","38.8","45"
"967.0","31.4","60"
"968.0","33.8","65"
"969.0","31.5","63"
"971.0","33.9","62"
"972.0","32.9","42"
"973.0","33.7","52"
"974.0","34.2","55"
"975.0","36.9","58"
"976.0","34.1","66"
"977.0","34.7","61"
"978.0","35.7","62"
"979.0","34.1","57"
"981.0","39.5","48"
"982.0","36.2","62"
"983.0","34.1","47"
"984.0","33.2","58"
"985.0","34.9","55"
"986.0","34.2","63"
"987.0","35.8","41"
"988.0","36.8","64"
"989.0","35.3","41"
"991.0","34.1","57"
"992.0","34.9","72"
"993.0","33.7","68"
"994.0","32.2","58"
"995.0","33.7","50"
"996.0","36.6","53"
"997.0","32.9","57"
"998.0","34.6","40"
"999.0","31.8","49"
"1001.0","35.2","54"
"1002.0","31.5","59"
"1003.0","34.1","65"
"1004.0","34.9","48"
"1005.0","32.1","52"
"1006.0","35.4","52"
"1007.0","32.7","54"
"1008.0","33.9","48"
"1009.0","37.6","63"
"1011.0","32.8","51"
"1012.0","35.8","36"
"1013.0","32.8","29"
"1014.0","35.3","73"
"1015.0","33.7","39"
"1016.0","36.4","54"
"1017.0","37.4","48"
"1018.0","37.1","58"
"1019.0","37.0","40"
"1021.0","35.2","48"
"1022.0","34.7","45"
"1023.0","39.1","44"
"1024.0","34.8","51"
"1025.0","35.0","56"
"1026.0","44.6","58"
"1027.0","36.2","51"
"1028.0","33.4","45"
"1029.0","34.8","55"
"1031.0","36.8","45"
"1032.0","37.6","34"
"1033.0","34.2","43"
"1034.0","36.1","57"
"1035.0","36.2","58"
"1036.0","32.5","46"
"1037.0","33.9","52"
"1038.0","33.3","36"
"1039.0","35.5","43"
"1041.0","32.2","58"
"1042.0","35.8","36"
"1043.0","32.2","37"
"1044.0","31.8","46"
"1045.0","33.1","36"
"1046.0","39.3","50"
"1047.0","35.0","53"
"1048.0","40.0","38"
"1049.0","34.6","48"
"1051.0","33.6","46"
"1052.0","36.8","43"
"1053.0","34.9","29"
"1054.0","34.4","49"
"1055.0","36.7","34"
"1056.0","38.5","39"
"1057.0","34.2","29"
"1058.0","35.8","38"
"1059.0","37.2","45"
"1061.0","32.2","31"
"1062.0","33.7","16"
"1063.0","34.1","37"
"1064.0","32.5","33"
"1065.0","38.8","19"
"1066.0","35.1","23"
"1067.0","37.6","18"
"1068.0","35.6","35"
"1069.0","35.7","36"
"1071.0","37.9","34"
"1072.0","39.2","26"
"1073.0","37.5","50"
"1074.0","32.2","27"
"1075.0","40.1","26"
"1076.0","32.8","26"
"1077.0","29.9","32"
"1078.0","35.4","36"
"1079.0","36.5","30"
"1081.0","34.8","31"
"1082.0","33.7","33"
"1083.0","36.9","23"
"1084.0","39.2","35"
"1085.0","33.9","28"
"1086.0","40.2","24"
"1087.0","31.3","27"
"1088.0","33.3","28"
"1089.0","35.5","33"
"1091.0","31.3","19"
"1092.0","30.8","29"
"1093.0","37.2","32"
"1094.0","39.5","44"
"1095.0","35.8","23"
"1096.0","37.7","28"
"1097.0","34.4","29"
"1098.0","37.5","19"
"1099.0","36.0","40"
"1101.0","37.4","30"
"1102.0","42.5","31"
"1103.0","36.8","16"
"1104.0","34.8","31"
"1105.0","34.0","22"
"1106.0","39.6","35"
"1107.0","36.6","24"
"1108.0","38.8","24"
"1109.0","40.3","29"
"1111.0","35.3","34"
"1112.0","41.6","24"
"1113.0","35.6","28"
"1114.0","32.9","18"
"1115.0","35.7","41"
"1116.0","39.0","30"
"1117.0","37.4","21"
"1118.0","30.1","24"
"1119.0","36.6","27"
"1121.0","36.6","26"
"1122.0","35.8","24"
"1123.0","34.1","28"
"1124.0","35.5","29"
"1125.0","34.6","21"
"1126.0","33.7","23"
"1127.0","33.1","26"
"1128.0","48.9","24"
"1129.0","35.9","29"
"1131.0","36.4","21"
"1132.0","35.9","27"
"1133.0","36.5","15"
"1134.0","35.6","25"
"1135.0","38.1","13"
"1136.0","41.7","13"
"1137.0","36.3","18"
"1138.0","36.2","17"
"1139.0","34.5","12"
"1141.0","40.1","18"
"1142.0","36.3","23"
"1143.0","37.7","15"
"1144.0","43.5","14"
"1145.0","35.9","23"
"1146.0","46.5","9"
"1147.0","36.4","19"
"1148.0","41.2","25"
"1149.0","34.1","16"
"1151.0","35.9","22"
"1152.0","34.8","26"
"1153.0","36.4","27"
"1154.0","36.4","17"
"1155.0","41.6","21"
"1156.0","39.8","14"
"1157.0","40.2","13"
"1158.0","36.7","16"
"1159.0","37.5","17"
"1161.0","36.8","18"
"1162.0","36.6","28"
"1163.0","35.1","12"
"1164.0","32.8","26"
"1165.0","43.4","25"
"1166.0","48.3","12"
"1167.0","36.1","28"
"1168.0","33.0","20"
"1169.0","34.2","18"
"1171.0","35.0","16"
"1172.0","31.7","26"
"1173.0","38.1","16"
"1174.0","40.4","20"
"1175.0","36.0","17"
"1176.0","38.1","19"
"1177.0","37.7","18"
"1178.0","37.9","22"
"1179.0","32.4","25"
"1181.0","34.9","10"
"1182.0","34.3","23"
"1183.0","38.1","14"
"1184.0","39.6","28"
"1185.0","40.7","20"
"1186.0","38.7","11"
"1187.0","34.3","15"
"1188.0","37.4","17"
"1189.0","43.9","16"
"1191.0","36.5","7"
"1192.0","41.7","15"
"1193.0","35.1","19"
"1194.0","43.2","19"
"1195.0","40.2","19"
"1196.0","35.5","18"
"1197.0","46.2","15"
"1198.0","35.7","20"
"1199.0","39.7","12"
"1201.0","39.5","14"
"1202.0","37.8","20"
"1203.0","35.2","16"
"1204.0","35.5","28"
"1205.0","46.2","18"
"1206.0","35.1","25"
"1207.0","37.0","17"
"1208.0","35.3","15"
"1209.0","36.2","22"
"1211.0","34.1","14"
"1212.0","42.0","11"
"1213.0","41.8","19"
"1214.0","38.3","14"
"1215.0","43.2","16"
"1216.0","37.2","24"
"1217.0","44.7","18"
"1218.0","36.6","17"
"1219.0","35.5","25"
"1221.0","38.8","14"
"1222.0","43.8","22"
"1223.0","38.3","13"
"1224.0","32.2","16"
"1225.0","38.7","10"
"1226.0","34.5","11"
"1227.0","38.3","9"
"1228.0","35.9","17"
"1229.0","40.5","21"
"1231.0","43.0","12"
"1232.0","36.0","14"
"1233.0","41.5","12"
"1234.0","33.0","9"
"1235.0","41.1","12"
"1236.0","40.9","8"
"1237.0","51.4","13"
"1238.0","31.9","11"
"1239.0","39.7","22"
"1241.0","37.7","14"
"1242.0","34.8","15"
"1243.0","35.4","8"
"1244.0","34.0","8"
"1245.0","33.7","10"
"1246.0","40.9","16"
"1247.0","51.0","7"
"1248.0","30.2","9"
"1249.0","32.5","13"
"1251.0","44.7","8"
"1252.0","32.5","8"
"1253.0","37.5","6"
"1254.0","37.8","12"
"1255.0","34.4","5"
"1256.0","39.6","11"
"1257.0","37.7","14"
"1258.0","28.5","14"
"1259.0","35.8","9"
"1261.0","35.9","9"
"1262.0","39.3","18"
"1263.0","36.1","13"
"1264.0","33.7","12"
"1265.0","37.5","16"
"1266.0","40.7","15"
"1267.0","32.7","19"
"1268.0","39.8","7"
"1269.0","36.4","10"
"1271.0","42.3","8"
"1272.0","44.9","8"
"1273.0","35.8","12"
"1274.0","42.1","10"
"1275.0","46.4","12"
"1276.0","36.9","12"
"1277.0","43.2","13"
"1278.0","34.1","7"
"1279.0","37.3","10"
"1281.0","39.5","11"
"1282.0","42.4","10"
"1283.0","46.8","12"
"1284.0","34.0","10"
"1285.0","29.0","4"
"1286.0","35.9","12"
"1287.0","48.3","11"
"1288.0","58.6","2"
"1289.0","44.2","15"
"1291.0","54.7","8"
"1292.0","41.5","12"
"1293.0","40.8","13"
"1294.0","48.4","6"
"1295.0","75.6","8"
"1296.0","37.7","15"
"1297.0","34.1","4"
"1298.0","40.9","3"
"1299.0","42.7","13"
"1301.0","41.4","13"
"1302.0","39.1","7"
"1303.0","33.3","5"
"1304.0","37.9","8"
"1305.0","45.5","8"
"1306.0","49.7","6"
"1307.0","41.7","5"
"1308.0","50.5","16"
"1309.0","40.5","18"
"1311.0","41.3","10"
"1312.0","39.6","11"
"1313.0","38.1","8"
"1314.0","41.5","12"
"1315.0","46.4","10"
"1316.0","35.8","9"
"1317.0","35.2","8"
"1318.0","40.7","11"
"1319.0","38.2","12"
"1321.0","46.9","17"
"1322.0","45.5","5"
"1323.0","39.4","5"
"1324.0","38.2","9"
"1325.0","36.2","6"
"1326.0","37.0","9"
"1327.0","30.5","11"
"1328.0","40.8","1"
"1329.0","42.8","13"
"1331.0","41.6","9"
"1332.0","43.3","9"
"1333.0","34.1","14"
"1334.0","27.1","7"
"1335.0","45.0","6"
"1336.0","48.2","3"
"1337.0","52.7","10"
"1338.0","42.6","9"
"1339.0","32.4","6"
"1341.0","41.5","9"
"1342.0","43.6","7"
"1343.0","37.4","7"
"1344.0","31.3","7"
"1345.0","46.5","13"
"1346.0","56.7","11"
"1347.0","36.5","8"
"1348.0","41.4","7"
"1349.0","37.4","9"
"1351.0","57.4","5"
"1352.0","39.1","8"
"1353.0","34.7","6"
"1354.0","40.2","4"
"1355.0","38.7","8"
"1356.0","35.8","12"
"1357.0","30.6","6"
"1358.0","46.9","12"
"1359.0","52.4","14"
"1361.0","51.3","11"
"1362.0","38.8","9"
"1363.0","41.0","14"
"1364.0","43.0","5"
"1365.0","41.2","4"
"1366.0","42.0","14"
"1367.0","36.8","11"
"1368.0","41.3","9"
"1369.0","36.9","8"
"1371.0","31.5","8"
"1372.0","43.0","3"
"1373.0","61.1","8"
"1374.0","47.3","10"
"1375.0","49.6","5"
"1376.0","52.8","8"
"1377.0","37.3","6"
"1378.0","35.0","16"
"1379.0","37.0","13"
"1381.0","39.1","12"
"1382.0","35.5","4"
"1383.0","43.0","4"
"1384.0","41.7","4"
"1385.0","33.6","2"
"1386.0","33.8","7"
"1387.0","29.3","4"
"1388.0","49.0","5"
"1389.0","47.9","3"
"1391.0","66.3","4"
"1392.0","41.2","5"
"1393.0","59.8","3"
"1394.0","34.4","8"
"1395.0","32.7","7"
"1396.0","38.5","2"
"1397.0","35.5","2"
"1398.0","28.7","5"
"1399.0","40.9","6"
"1401.0","37.0","8"
"1402.0","35.5","7"
"1403.0","26.9","4"
"1404.0","55.7","5"
"1405.0","43.0","8"
"1406.0","45.2","3"
"1407.0","49.3","10"
"1408.0","61.1","3"
"1409.0","44.7","8"
"1411.0","44.5","6"
"1412.0","45.8","10"
"1413.0","59.7","3"
"1414.0","39.4","5"
"1415.0","44.4","4"
"1416.0","39.8","4"
"1417.0","25.5","3"
"1418.0","34.7","1"
"1419.0","64.5","3"
"1421.0","38.1","3"
"1422.0","34.3","6"
"1423.0","46.2","2"
"1424.0","46.7","7"
"1425.0","51.6","2"
"1426.0","46.5","7"
"1427.0","46.0","2"
"1428.0","42.5","4"
"1429.0","55.5","14"
"1431.0","95.9","4"
"1432.0","140.9","4"
"1433.0","74.3","12"
"1434.0","37.8","5"
"1435.0","38.5","3"
"1436.0","47.9","4"
"1437.0","36.5","12"
"1438.0","42.9","6"
"1439.0","39.7","4"
"1441.0","39.3","3"
"1442.0","46.5","3"
"1443.0","43.3","5"
"1444.0","44.8","2"
"1445.0","37.7","4"
"1446.0","30.1","5"
"1447.0","50.8","7"
"1448.0","57.7","9"
"1449.0","51.9","7"
"1451.0","38.4","3"
"1452.0","45.5","5"
"1453.0","37.7","4"
"1454.0","43.8","5"
"1455.0","42.4","4"
"1456.0","51.4","2"
"1457.0","33.9","12"
"1458.0","63.7","5"
"1459.0","84.8","1"
"1461.0","31.4","3"
"1462.0","37.2","1"
"1463.0","48.1","7"
"1464.0","92.1","3"
"1465.0","47.5","5"
"1466.0","62.7","5"
"1467.0","30.0","3"
"1468.0","51.0","12"
"1469.0","37.7","6"
"1471.0","45.7","7"
"1472.0","51.6","5"
"1473.0","52.6","4"
"1474.0","43.0","9"
"1475.0","41.8","4"
"1476.0","38.9","5"
"1477.0","46.6","6"
"1478.0","33.7","2"
"1479.0","43.1","5"
"1481.0","41.0","6"
"1482.0","54.4","2"
"1483.0","54.9","4"
"1484.0","44.2","4"
"1485.0","37.5","1"
"1486.0","67.2","1"
"1487.0","37.0","3"
"1488.0","65.0","6"
"1489.0","45.3","4"
"1491.0","54.1","9"
"1492.0","43.8","14"
"1493.0","32.2","3"
"1494.0","28.8","5"
"1495.0","40.0","7"
"1496.0","42.6","3"
"1497.0","45.6","6"
"1498.0","82.1","5"
"1499.0","38.3","11"
"1501.0","35.4","3"
"1502.0","43.8","2"
"1503.0","68.7","6"
"1504.0","43.0","7"
"1505.0","46.8","4"
"1506.0","57.4","3"
"1507.0","45.2","5"
"1508.0","68.2","2"
"1511.0","60.1","5"
"1512.0","56.8","5"
"1513.0","46.4","2"
"1514.0","36.3","3"
"1515.0","32.2","4"
"1516.0","49.4","8"
"1517.0","60.7","1"
"1518.0","35.4","3"
"1519.0","34.0","2"
"1521.0","43.3","5"
"1522.0","49.6","3"
"1525.0","44.1","3"
"1526.0","67.6","4"
"1527.0","36.7","3"
"1528.0","33.7","2"
"1529.0","31.2","2"
"1531.0","47.5","3"
"1532.0","41.3","7"
"1533.0","50.2","5"
"1534.0","38.3","3"
"1536.0","68.8","6"
"1537.0","58.3","4"
"1538.0","42.7","3"
"1541.0","61.4","5"
"1542.0","59.0","7"
"1543.0","32.5","3"
"1544.0","68.0","12"
"1545.0","43.5","7"
"1546.0","40.8","4"
"1547.0","30.5","1"
"1548.0","106.5","3"
"1549.0","45.7","3"
"1551.0","73.1","5"
"1553.0","36.7","5"
"1554.0","41.8","7"
"1555.0","67.3","1"
"1556.0","46.8","3"
"1557.0","39.6","2"
"1558.0","49.3","5"
"1559.0","29.4","2"
"1561.0","66.8","4"
"1562.0","49.6","8"
"1563.0","47.1","1"
"1564.0","53.7","3"
"1565.0","43.1","2"
"1566.0","44.9","2"
"1567.0","36.7","3"
"1568.0","28.1","1"
"1569.0","41.1","1"
"1572.0","40.7","3"
"1573.0","40.0","2"
"1574.0","31.2","1"
"1575.0","43.5","2"
"1577.0","58.0","4"
"1578.0","39.8","3"
"1581.0","41.8","2"
"1582.0","35.5","4"
"1583.0","63.5","3"
"1584.0","33.1","2"
"1585.0","45.4","3"
"1587.0","59.6","2"
"1588.0","43.2","4"
"1589.0","40.3","1"
"1591.0","32.0","2"
"1592.0","36.8","2"
"1593.0","42.1","1"
"1594.0","76.5","2"
"1595.0","57.0","10"
"1596.0","33.6","2"
"1597.0","48.3","2"
"1598.0","41.4","2"
"1599.0","37.6","2"
"1601.0","46.0","3"
"1602.0","34.5","2"
"1603.0","38.2","1"
"1604.0","56.3","5"
"1605.0","32.2","4"
"1606.0","35.3","2"
"1607.0","39.1","2"
"1609.0","95.1","4"
"1611.0","40.8","4"
"1612.0","40.7","1"
"1613.0","92.6","3"
"1614.0","40.4","4"
"1615.0","52.7","6"
"1616.0","50.1","3"
"1617.0","42.7","6"
"1618.0","52.0","1"
"1621.0","67.3","2"
"1623.0","26.7","1"
"1624.0","40.7","2"
"1625.0","36.3","1"
"1626.0","37.2","7"
"1627.0","39.2","5"
"1628.0","37.8","4"
"1629.0","23.1","1"
"1631.0","27.4","1"
"1632.0","88.2","2"
"1633.0","68.9","4"
"1635.0","63.0","4"
"1637.0","77.8","2"
"1638.0","73.5","5"
"1641.0","48.5","5"
"1642.0","57.1","2"
"1643.0","51.6","1"
"1644.0","30.1","1"
"1645.0","38.8","2"
"1647.0","69.6","2"
"1649.0","71.6","3"
"1651.0","105.3","7"
"1652.0","44.2","2"
"1654.0","40.0","1"
"1655.0","37.4","1"
"1656.0","47.5","5"
"1657.0","34.9","3"
"1658.0","95.6","2"
"1659.0","37.2","3"
"1661.0","37.2","1"
"1662.0","76.3","5"
"1664.0","33.9","1"
"1666.0","42.2","3"
"1668.0","28.8","1"
"1669.0","38.8","3"
"1672.0","55.0","2"
"1673.0","54.4","8"
"1674.0","45.5","4"
"1675.0","65.0","1"
"1676.0","28.4","1"
"1677.0","93.7","2"
"1678.0","39.9","1"
"1679.0","47.1","2"
"1681.0","44.1","5"
"1683.0","60.3","2"
"1684.0","63.4","4"
"1685.0","36.4","3"
"1686.0","35.0","1"
"1687.0","59.8","5"
"1688.0","56.7","8"
"1691.0","58.5","1"
"1692.0","25.5","1"
"1693.0","38.9","2"
"1694.0","34.4","2"
"1696.0","61.7","7"
"1697.0","85.4","6"
"1701.0","47.4","1"
"1702.0","42.5","5"
"1703.0","42.4","3"
"1706.0","49.9","1"
"1707.0","43.0","2"
"1708.0","55.3","5"
"1709.0","51.3","1"
"1711.0","54.4","2"
"1712.0","80.8","3"
"1713.0","71.2","3"
"1714.0","56.2","3"
"1715.0","33.3","3"
"1716.0","27.1","1"
"1721.0","25.7","1"
"1722.0","91.2","3"
"1723.0","49.2","2"
"1724.0","98.8","1"
"1725.0","32.7","1"
"1728.0","58.5","3"
"1731.0","64.4","2"
"1733.0","40.8","1"
"1736.0","31.3","1"
"1738.0","49.8","2"
"1739.0","32.0","1"
"1741.0","55.6","2"
"1743.0","72.2","3"
"1745.0","55.5","3"
"1753.0","43.4","2"
"1757.0","98.4","4"
"1758.0","29.4","2"
"1759.0","51.3","8"
"1762.0","53.0","1"
"1764.0","79.6","3"
"1765.0","85.2","2"
"1766.0","46.1","3"
"1769.0","27.8","1"
"1771.0","37.8","1"
"1772.0","39.7","1"
"1773.0","55.6","4"
"1775.0","85.0","1"
"1776.0","52.6","2"
"1777.0","45.6","2"
"1781.0","41.2","1"
"1783.0","50.8","3"
"1785.0","40.6","1"
"1786.0","34.8","3"
"1788.0","50.1","2"
"1791.0","42.7","3"
"1796.0","68.8","5"
"1797.0","52.9","1"
"1801.0","28.3","1"
"1802.0","26.8","2"
"1805.0","41.7","2"
"1809.0","33.4","3"
"1811.0","53.6","2"
"1812.0","39.0","1"
"1813.0","63.7","3"
"1814.0","35.5","2"
"1815.0","36.5","1"
"1817.0","72.6","5"
"1818.0","54.6","4"
"1819.0","52.2","5"
"1824.0","63.6","4"
"1827.0","36.8","2"
"1828.0","47.4","2"
"1831.0","77.6","5"
"1834.0","42.8","3"
"1835.0","56.1","2"
"1841.0","33.8","1"
"1846.0","37.2","2"
"1852.0","53.7","1"
"1854.0","46.6","1"
"1855.0","29.8","1"
"1856.0","61.3","2"
"1857.0","62.4","1"
"1858.0","48.8","1"
"1859.0","39.0","2"
"1862.0","116.3","3"
"1864.0","29.6","2"
"1866.0","75.6","1"
"1869.0","38.2","1"
"1871.0","58.9","3"
"1873.0","46.9","1"
"1876.0","46.8","2"
"1881.0","41.3","1"
"1885.0","59.2","3"
"1888.0","41.1","1"
"1889.0","79.5","4"
"1891.0","29.7","1"
"1893.0","29.6","1"
"1896.0","40.9","1"
"1898.0","54.7","2"
"1901.0","43.6","1"
"1902.0","39.8","1"
"1904.0","43.2","1"
"1905.0","51.4","1"
"1906.0","66.7","3"
"1907.0","48.1","2"
"1911.0","33.1","3"
"1913.0","65.1","1"
"1914.0","57.7","1"
"1916.0","62.0","1"
"1921.0","78.3","2"
"1922.0","83.0","3"
"1923.0","48.4","2"
"1925.0","55.1","2"
"1928.0","41.5","2"
"1931.0","36.0","1"
"1933.0","32.0","1"
"1939.0","45.0","1"
"1941.0","40.9","2"
"1945.0","45.7","1"
"1946.0","17.6","1"
"1952.0","121.9","2"
"1953.0","67.5","9"
"1955.0","35.0","1"
"1962.0","47.3","4"
"1965.0","56.6","3"
"1971.0","26.7","1"
"1973.0","47.8","3"
"1978.0","73.4","1"
"1979.0","40.3","1"
"1981.0","30.0","2"
"1983.0","25.8","1"
"1987.0","68.0","3"
"1991.0","65.9","3"
"1992.0","67.0","1"
"1993.0","38.3","2"
"1994.0","33.9","1"
"1996.0","68.4","5"
"1997.0","37.9","2"
"1999.0","71.1","3"
"2001.0","44.5","1"
"2004.0","28.5","1"
"2006.0","39.9","2"
"2007.0","94.7","3"
"2012.0","53.7","1"
"2013.0","122.0","3"
"2014.0","65.9","1"
"2019.0","51.4","2"
"2029.0","63.9","3"
"2031.0","59.1","2"
"2032.0","49.7","1"
"2033.0","70.9","2"
"2034.0","44.7","2"
"2036.0","48.1","3"
"2045.0","40.7","2"
"2047.0","75.9","4"
"2049.0","31.5","1"
"2054.0","49.5","1"
"2058.0","113.7","2"
"2059.0","51.3","3"
"2064.0","58.8","2"
"2067.0","70.3","7"
"2068.0","54.5","3"
"2069.0","57.1","1"
"2072.0","41.7","1"
"2073.0","65.4","2"
"2074.0","79.5","3"
"2076.0","31.7","2"
"2101.0","49.3","1"
"2102.0","71.2","4"
"2106.0","37.8","2"
"2107.0","32.0","1"
"2109.0","35.9","1"
"2122.0","60.8","2"
"2124.0","38.2","1"
"2126.0","30.9","1"
"2129.0","67.8","2"
"2131.0","49.5","4"
"2133.0","107.2","3"
"2134.0","62.3","3"
"2136.0","73.5","2"
"2139.0","51.0","3"
"2141.0","81.2","3"
"2143.0","45.5","2"
"2145.0","60.9","4"
"2148.0","90.0","3"
"2149.0","53.3","1"
"2151.0","42.0","1"
"2162.0","43.2","1"
"2163.0","64.4","2"
"2169.0","50.8","3"
"2171.0","66.8","3"
"2173.0","42.4","1"
"2176.0","71.2","2"
"2181.0","88.5","2"
"2183.0","96.3","3"
"2186.0","33.2","3"
"2198.0","37.3","2"
"2202.0","50.9","1"
"2205.0","53.8","1"
"2208.0","60.0","5"
"2211.0","69.0","3"
"2217.0","32.4","1"
"2218.0","86.7","3"
"2222.0","60.3","1"
"2224.0","41.9","1"
"2227.0","26.1","1"
"2231.0","32.7","1"
"2232.0","77.3","3"
"2236.0","76.9","1"
"2237.0","31.7","1"
"2238.0","40.6","1"
"2239.0","67.3","3"
"2242.0","89.8","3"
"2246.0","61.7","2"
"2249.0","54.1","1"
"2252.0","68.4","3"
"2253.0","56.1","1"
"2259.0","38.9","1"
"2262.0","42.6","2"
"2269.0","38.9","1"
"2271.0","63.3","1"
"2282.0","43.4","1"
"2286.0","52.9","3"
"2288.0","63.7","2"
"2291.0","45.3","2"
"2294.0","50.9","2"
"2301.0","94.8","2"
"2302.0","76.4","2"
"2322.0","44.3","2"
"2327.0","54.2","1"
"2331.0","50.2","2"
"2332.0","70.3","3"
"2334.0","42.8","2"
"2357.0","52.9","1"
"2359.0","54.7","2"
"2363.0","56.8","2"
"2372.0","33.3","1"
"2378.0","55.0","2"
"2389.0","53.2","3"
"2397.0","72.3","2"
"2404.0","53.6","2"
"2413.0","46.3","2"
"2435.0","97.1","2"
"2447.0","103.0","2"
"2455.0","81.7","2"
"2461.0","49.9","2"
"2472.0","39.4","2"
"2476.0","69.7","2"
"2479.0","36.5","1"
"2482.0","49.4","1"
"2523.0","76.9","2"
"2537.0","99.9","1"
"2539.0","124.1","2"
"2543.0","58.3","2"
"2548.0","47.4","2"
"2605.0","58.2","2"
"2624.0","47.5","1"
"2626.0","54.8","3"
"2631.0","76.5","3"
"2707.0","60.2","1"
"2714.0","64.0","2"
"2747.0","60.6","3"
"2809.0","90.0","3"
"2824.0","51.0","1"
"2859.0","49.7","2"
"2886.0","39.3","2"
"2928.0","98.1","2"
"2965.0","21.7","1"
"3066.0","236.6","1"
"3119.0","44.3","2"
"3125.0","42.8","1"
"3526.0","53.7","1"
